dataset,model,iteration,mae,mse,seq_len,pred_len,percent,memory,time
Apple,CALF,1,1.0929,1.9517,96,24,100,1469.0,13.9
Apple,CALF,2,0.95558,1.5556,96,24,100,1471.1,12.8
Apple,CALF,3,1.0666,1.8747,96,24,100,1470.0,12.5
Apple,CALF,1,1.1886,2.286,96,24,10,938.4,4.9
Apple,CALF,2,1.1884,2.2814,96,24,10,939.9,5.6
Apple,CALF,3,1.2488,2.4272,96,24,10,941.4,5.4
Apple,CALF,1,1.4635,3.5048,96,24,0,,
Apple,CALF,2,1.4575,3.4606,96,24,0,,
Apple,CALF,3,1.3854,3.1231,96,24,0,,
Apple,CALF,1,1.516,3.5245,96,48,100,946.8,9.7
Apple,CALF,2,1.6602,4.2377,96,48,100,950.0,8.3
Apple,CALF,3,1.5835,3.8939,96,48,100,948.3,8.3
Apple,CALF,1,1.5961,4.1627,96,96,100,973.6,9.7
Apple,CALF,2,1.7257,4.7899,96,96,100,977.5,10.5
Apple,CALF,3,1.6637,4.5278,96,96,100,976.5,9.4
Apple,DLinear,1,0.96065,1.5728,96,24,100,16.4,2.8
Apple,DLinear,2,0.95703,1.5749,96,24,100,16.4,1.9
Apple,DLinear,3,0.96412,1.5823,96,24,100,16.4,1.9
Apple,DLinear,1,1.3018,2.8021,96,24,10,16.6,0.6
Apple,DLinear,2,1.3074,2.8332,96,24,10,16.6,0.5
Apple,DLinear,3,1.2822,2.7082,96,24,10,16.6,0.5
Apple,DLinear,1,1.4253,3.3564,96,48,100,16.5,2.7
Apple,DLinear,2,1.3912,3.2271,96,48,100,16.5,2.4
Apple,DLinear,3,1.3727,3.1385,96,48,100,16.5,2.4
Apple,DLinear,1,1.558,4.3385,96,96,100,16.9,2.6
Apple,DLinear,2,1.5627,4.3758,96,96,100,16.9,1.8
Apple,DLinear,3,1.5942,4.5588,96,96,100,16.9,1.8
Apple,iTransformer,1,1.0558,1.8441,96,24,100,17.5,3.4
Apple,iTransformer,2,1.0754,1.8833,96,24,100,17.5,3.2
Apple,iTransformer,3,1.1551,2.088,96,24,100,17.5,3.2
Apple,iTransformer,1,1.3889,3.0366,96,24,10,17.6,0.8
Apple,iTransformer,2,1.3659,2.9345,96,24,10,17.6,0.6
Apple,iTransformer,3,1.4163,3.1866,96,24,10,17.6,0.6
Apple,iTransformer,1,1.6002,4.0797,96,48,100,17.6,2.9
Apple,iTransformer,2,1.4568,3.3584,96,48,100,17.6,2.7
Apple,iTransformer,3,1.5877,4.0074,96,48,100,17.6,2.7
Apple,iTransformer,1,1.7112,4.6792,96,96,100,17.9,3.5
Apple,iTransformer,2,1.8079,5.3942,96,96,100,17.9,3.2
Apple,iTransformer,3,1.7845,5.1944,96,96,100,17.9,3.2
Apple,MICN,1,0.90948,1.508,96,24,100,22.9,3.6
Apple,MICN,2,0.90952,1.5441,96,24,100,22.9,3.4
Apple,MICN,3,0.88214,1.4173,96,24,100,22.9,3.4
Apple,MICN,1,1.2031,2.4094,96,24,10,23.2,0.8
Apple,MICN,2,1.1987,2.3988,96,24,10,23.2,0.7
Apple,MICN,3,1.1821,2.381,96,24,10,23.2,0.7
Apple,MICN,1,1.3225,3.007,96,48,100,23.3,3.3
Apple,MICN,2,1.3267,2.976,96,48,100,23.3,2.9
Apple,MICN,3,1.3076,2.8804,96,48,100,23.3,2.9
Apple,MICN,1,1.4955,3.9334,96,96,100,24.1,4.0
Apple,MICN,2,1.5369,4.1407,96,96,100,24.1,3.1
Apple,MICN,3,1.447,3.7107,96,96,100,24.1,3.5
Apple,OFA,1,0.98599,1.6703,96,24,100,349.0,5.7
Apple,OFA,2,1.0199,1.7729,96,24,100,350.1,5.6
Apple,OFA,3,1.0397,1.8152,96,24,100,349.0,5.0
Apple,OFA,1,1.2876,2.7958,96,24,10,349.1,2.0
Apple,OFA,2,1.2876,2.7958,96,24,10,349.1,2.0
Apple,OFA,3,1.2876,2.7958,96,24,10,349.1,2.0
Apple,OFA,1,1.3688,3.0916,96,24,0,,
Apple,OFA,2,1.3601,3.0608,96,24,0,,
Apple,OFA,3,1.3495,3.0015,96,24,0,,
Apple,OFA,1,1.421,3.3502,96,48,100,353.4,7.0
Apple,OFA,2,1.4711,3.7046,96,48,100,354.5,6.8
Apple,OFA,3,1.4286,3.4932,96,48,100,353.1,7.3
Apple,OFA,1,2.2095,8.7512,96,96,100,359.6,16.1
Apple,OFA,2,1.8701,6.1396,96,96,100,361.2,13.8
Apple,OFA,3,1.7907,5.8527,96,96,100,360.6,13.2
Apple,PatchTST,1,1.0249,1.8515,96,24,100,18.9,5.2
Apple,PatchTST,2,1.0571,2.0952,96,24,100,18.9,3.6
Apple,PatchTST,3,1.0861,2.1413,96,24,100,18.9,3.6
Apple,PatchTST,1,1.1956,2.2756,96,24,10,19.0,0.9
Apple,PatchTST,2,1.1788,2.2894,96,24,10,19.0,0.6
Apple,PatchTST,3,1.2454,2.5011,96,24,10,19.0,0.6
Apple,PatchTST,1,1.5474,4.1354,96,48,100,19.2,4.4
Apple,PatchTST,2,1.3285,2.9713,96,48,100,19.2,2.8
Apple,PatchTST,3,1.6651,4.8588,96,48,100,19.2,2.8
Apple,PatchTST,1,2.0609,7.7357,96,96,100,20.1,4.6
Apple,PatchTST,2,1.758,5.6606,96,96,100,20.1,3.2
Apple,PatchTST,3,1.5331,4.4173,96,96,100,20.1,2.2
Apple,TimeLLM,1,0.99008,1.679,96,24,100,1126.3,52.7
Apple,TimeLLM,2,1.015,1.6905,96,24,100,1127.0,53.2
Apple,TimeLLM,3,1.0635,1.8446,96,24,100,1126.3,54.7
Apple,TimeLLM,1,1.3017,2.7689,96,24,10,1126.5,10.1
Apple,TimeLLM,2,1.5248,3.7809,96,24,10,1125.7,10.0
Apple,TimeLLM,3,1.24,2.4534,96,24,10,1127.3,10.2
Apple,TimeLLM,1,1.5633,4.0263,96,24,0,,
Apple,TimeLLM,2,1.6172,4.2565,96,24,0,,
Apple,TimeLLM,3,1.6368,4.235,96,24,0,,
Apple,TimeLLM,1,1.3354,3.0037,96,48,100,1127.1,39.5
Apple,TimeLLM,2,1.3495,2.9383,96,48,100,1127.1,40.4
Apple,TimeLLM,3,1.4354,3.2768,96,48,100,1127.4,39.6
Apple,TimeLLM,1,1.5195,3.9321,96,96,100,1128.3,180.7
Apple,TimeLLM,2,1.6621,4.9029,96,96,100,1128.6,184.3
Apple,TimeLLM,3,1.5576,4.2038,96,96,100,1129.7,177.9
Apple,TimeMixer,1,1.1027,2.0683,96,24,100,18.1,4.8
Apple,TimeMixer,2,1.0708,1.9466,96,24,100,18.1,4.7
Apple,TimeMixer,3,0.9974,1.7015,96,24,100,18.1,4.7
Apple,TimeMixer,1,1.424,3.2023,96,24,10,18.2,1.0
Apple,TimeMixer,2,1.4761,3.4794,96,24,10,18.2,0.9
Apple,TimeMixer,3,1.4853,3.6291,96,24,10,18.2,0.9
Apple,TimeMixer,1,1.4806,3.7397,96,48,100,18.2,4.8
Apple,TimeMixer,2,1.4475,3.5434,96,48,100,18.2,4.5
Apple,TimeMixer,3,1.4506,3.5946,96,48,100,18.2,4.5
Apple,TimeMixer,1,1.5757,4.4741,96,96,100,18.6,6.5
Apple,TimeMixer,2,1.6597,5.2158,96,96,100,18.6,5.9
Apple,TimeMixer,3,1.5597,4.3993,96,96,100,18.6,6.2
Apple,TimesNet,1,1.0502,1.8698,96,24,100,166.7,21.2
Apple,TimesNet,2,0.94372,1.5818,96,24,100,168.0,32.3
Apple,TimesNet,3,1.0235,1.8038,96,24,100,166.5,18.6
Apple,TimesNet,1,1.3891,3.1597,96,24,10,165.1,3.7
Apple,TimesNet,2,1.4168,3.1402,96,24,10,168.6,5.2
Apple,TimesNet,3,1.4188,3.3694,96,24,10,168.0,2.9
Apple,TimesNet,1,1.5309,3.9161,96,48,100,170.0,32.7
Apple,TimesNet,2,1.5919,4.2932,96,48,100,169.1,28.6
Apple,TimesNet,3,1.6235,4.525,96,48,100,172.3,25.6
Apple,TimesNet,1,2.1669,8.2788,96,96,100,166.3,83.6
Apple,TimesNet,2,1.7614,5.3411,96,96,100,169.1,90.6
Apple,TimesNet,3,1.7204,5.3596,96,96,100,167.4,72.4
Crude_Oil,CALF,1,0.89398,1.3081,96,24,100,1474.7,11.8
Crude_Oil,CALF,2,0.86372,1.2692,96,24,100,1476.7,13.4
Crude_Oil,CALF,3,0.88607,1.2762,96,24,100,1474.8,10.7
Crude_Oil,CALF,1,1.146,2.1895,96,24,10,939.5,2.9
Crude_Oil,CALF,2,1.1566,2.1653,96,24,10,941.8,2.7
Crude_Oil,CALF,3,1.1279,2.0459,96,24,10,943.8,2.8
Crude_Oil,CALF,1,1.219,2.3375,96,24,0,,
Crude_Oil,CALF,2,1.1935,2.2747,96,24,0,,
Crude_Oil,CALF,3,1.1276,2.0139,96,24,0,,
Crude_Oil,CALF,1,1.0317,1.6446,96,48,100,949.8,9.7
Crude_Oil,CALF,2,0.81484,1.1154,96,48,100,954.4,7.7
Crude_Oil,CALF,3,1.0239,1.6686,96,48,100,955.1,7.9
Crude_Oil,CALF,2,1.001,1.5739,96,96,100,972.6,8.6
Crude_Oil,CALF,3,1.1327,1.9778,96,96,100,972.3,9.2
Crude_Oil,DLinear,1,0.771,1.0578,96,24,100,16.4,2.1
Crude_Oil,DLinear,2,0.78369,1.0966,96,24,100,16.4,2.0
Crude_Oil,DLinear,3,0.78774,1.0956,96,24,100,16.4,2.0
Crude_Oil,DLinear,1,1.0139,1.6619,96,24,10,16.6,0.5
Crude_Oil,DLinear,2,1.0152,1.6605,96,24,10,16.6,0.5
Crude_Oil,DLinear,3,1.0088,1.6534,96,24,10,16.6,0.4
Crude_Oil,DLinear,1,0.83557,1.0805,96,48,100,16.6,2.7
Crude_Oil,DLinear,2,0.83107,1.0581,96,48,100,16.6,1.5
Crude_Oil,DLinear,3,0.83193,1.0681,96,48,100,16.6,1.7
Crude_Oil,DLinear,2,0.85661,1.0936,96,96,100,16.6,0.7
Crude_Oil,DLinear,3,0.88299,1.159,96,96,100,16.6,0.7
Crude_Oil,iTransformer,1,0.78032,1.0845,96,24,100,17.5,2.9
Crude_Oil,iTransformer,2,0.90878,1.6138,96,24,100,17.5,2.7
Crude_Oil,iTransformer,3,0.79255,1.0403,96,24,100,17.5,2.7
Crude_Oil,iTransformer,1,1.0557,1.8789,96,24,10,17.7,0.7
Crude_Oil,iTransformer,2,1.0714,1.8924,96,24,10,17.7,0.5
Crude_Oil,iTransformer,3,1.0975,1.9762,96,24,10,17.7,0.5
Crude_Oil,iTransformer,1,0.78245,1.0249,96,48,100,17.7,2.2
Crude_Oil,iTransformer,2,0.85733,1.223,96,48,100,17.7,2.4
Crude_Oil,iTransformer,3,0.99436,1.5151,96,48,100,17.7,2.6
Crude_Oil,iTransformer,2,1.4583,3.319,96,96,100,17.6,1.2
Crude_Oil,iTransformer,3,0.99356,1.585,96,96,100,17.6,1.3
Crude_Oil,MICN,1,0.71167,0.91899,96,24,100,23.0,3.0
Crude_Oil,MICN,2,0.71337,0.92095,96,24,100,23.0,2.8
Crude_Oil,MICN,3,0.72262,0.96322,96,24,100,23.0,2.8
Crude_Oil,MICN,1,1.3178,2.6293,96,24,10,23.2,0.8
Crude_Oil,MICN,2,1.2284,2.3226,96,24,10,23.2,0.5
Crude_Oil,MICN,3,1.2996,2.5856,96,24,10,23.2,0.5
Crude_Oil,MICN,1,0.79354,0.94987,96,48,100,23.4,3.5
Crude_Oil,MICN,2,0.80446,1.0459,96,48,100,23.4,1.9
Crude_Oil,MICN,3,0.80994,1.0015,96,48,100,23.4,2.2
Crude_Oil,MICN,2,0.86991,1.1654,96,96,100,23.8,1.4
Crude_Oil,MICN,3,0.89348,1.2498,96,96,100,23.8,1.3
Crude_Oil,OFA,1,0.75869,1.0262,96,24,100,349.0,5.3
Crude_Oil,OFA,2,0.7318,0.97587,96,24,100,350.2,5.1
Crude_Oil,OFA,3,0.81064,1.1471,96,24,100,349.0,5.4
Crude_Oil,OFA,1,1.1489,2.2904,96,24,10,349.1,2.9
Crude_Oil,OFA,2,1.3375,3.2719,96,24,10,350.3,3.1
Crude_Oil,OFA,3,0.97619,1.6905,96,24,10,349.1,2.1
Crude_Oil,OFA,1,1.1058,1.9563,96,24,0,,
Crude_Oil,OFA,2,1.0734,1.8583,96,24,0,,
Crude_Oil,OFA,3,1.0755,1.8592,96,24,0,,
Crude_Oil,OFA,1,0.84039,1.2137,96,48,100,353.4,7.1
Crude_Oil,OFA,2,0.99278,1.6848,96,48,100,354.2,6.3
Crude_Oil,OFA,3,0.75837,0.93353,96,48,100,354.3,6.4
Crude_Oil,OFA,2,1.2831,3.153,96,96,100,361.6,14.7
Crude_Oil,OFA,3,1.3133,2.9731,96,96,100,362.9,14.5
Crude_Oil,PatchTST,1,0.79288,1.1445,96,24,100,18.9,2.9
Crude_Oil,PatchTST,2,0.76206,1.0906,96,24,100,18.9,2.7
Crude_Oil,PatchTST,3,0.72761,0.91624,96,24,100,18.9,2.7
Crude_Oil,PatchTST,1,1.0916,2.0801,96,24,10,19.1,0.7
Crude_Oil,PatchTST,2,1.0272,1.8398,96,24,10,19.1,0.5
Crude_Oil,PatchTST,3,1.0438,1.9522,96,24,10,19.1,0.5
Crude_Oil,PatchTST,1,0.88521,1.3169,96,48,100,19.3,4.2
Crude_Oil,PatchTST,2,0.85151,1.1661,96,48,100,19.3,2.7
Crude_Oil,PatchTST,3,0.99897,1.7962,96,48,100,19.3,2.6
Crude_Oil,PatchTST,2,0.94259,1.3265,96,96,100,19.8,1.3
Crude_Oil,PatchTST,3,0.98879,1.5286,96,96,100,19.8,1.2
Crude_Oil,TimeLLM,1,0.82897,1.2326,96,24,100,1125.9,45.5
Crude_Oil,TimeLLM,2,0.75727,0.98531,96,24,100,1126.6,45.1
Crude_Oil,TimeLLM,3,0.80351,1.1847,96,24,100,1128.3,45.7
Crude_Oil,TimeLLM,1,1.0427,1.7934,96,24,10,1125.9,10.3
Crude_Oil,TimeLLM,2,0.89739,1.4272,96,24,10,1126.6,9.6
Crude_Oil,TimeLLM,3,1.0901,2.0393,96,24,10,1128.3,10.2
Crude_Oil,TimeLLM,1,1.3614,2.9426,96,24,0,,
Crude_Oil,TimeLLM,2,1.3706,2.9733,96,24,0,,
Crude_Oil,TimeLLM,3,1.4452,3.2409,96,24,0,,
Crude_Oil,TimeLLM,1,0.87011,1.151,96,48,100,1126.9,62.1
Crude_Oil,TimeLLM,2,0.83645,1.1081,96,48,100,1128.6,63.0
Crude_Oil,TimeLLM,3,0.82859,1.0825,96,48,100,1128.4,62.9
Crude_Oil,TimeLLM,1,0.84045,1.0248,96,96,100,1128.0,146.9
Crude_Oil,TimeLLM,2,0.99292,1.3971,96,96,100,1129.6,147.1
Crude_Oil,TimeLLM,3,0.88819,1.2363,96,96,100,1130.0,145.8
Crude_Oil,TimeMixer,1,0.88253,1.4666,96,24,100,18.1,4.8
Crude_Oil,TimeMixer,2,0.96168,1.8827,96,24,100,18.1,4.5
Crude_Oil,TimeMixer,3,0.95112,1.5807,96,24,100,18.1,4.6
Crude_Oil,TimeMixer,1,1.1224,2.0102,96,24,10,18.2,1.1
Crude_Oil,TimeMixer,2,1.1709,2.1836,96,24,10,18.2,0.7
Crude_Oil,TimeMixer,3,1.1225,1.998,96,24,10,18.2,0.7
Crude_Oil,TimeMixer,1,1.0646,2.0425,96,48,100,18.3,5.7
Crude_Oil,TimeMixer,2,1.1554,2.2449,96,48,100,18.3,5.1
Crude_Oil,TimeMixer,3,0.88808,1.3116,96,48,100,18.3,4.5
Crude_Oil,TimeMixer,2,1.2707,2.4653,96,96,100,18.3,2.2
Crude_Oil,TimeMixer,3,0.88569,1.2892,96,96,100,18.3,2.2
Crude_Oil,TimesNet,1,0.87218,1.2228,96,24,100,170.2,16.7
Crude_Oil,TimesNet,2,0.75436,1.1492,96,24,100,169.5,33.4
Crude_Oil,TimesNet,3,0.82001,1.2023,96,24,100,170.1,14.4
Crude_Oil,TimesNet,1,1.3967,3.0363,96,24,10,166.3,4.7
Crude_Oil,TimesNet,2,1.2683,2.9381,96,24,10,169.2,4.3
Crude_Oil,TimesNet,3,1.212,2.2742,96,24,10,172.1,3.0
Crude_Oil,TimesNet,1,0.90149,1.4453,96,48,100,167.5,54.0
Crude_Oil,TimesNet,2,1.1677,2.2573,96,48,100,172.3,49.3
Crude_Oil,TimesNet,3,0.95922,1.5653,96,48,100,169.5,25.0
Crude_Oil,TimesNet,2,1.1996,2.0467,96,96,100,168.6,26.8
Crude_Oil,TimesNet,3,1.2566,2.3352,96,96,100,169.4,26.6
Exchange_Rate_Report,CALF,1,0.8573,1.2364,96,24,100,1462.3,10.3
Exchange_Rate_Report,CALF,2,0.80492,1.1464,96,24,100,1461.7,11.7
Exchange_Rate_Report,CALF,3,0.78055,1.0235,96,24,100,1462.7,13.2
Exchange_Rate_Report,CALF,1,0.89366,1.4008,96,24,10,930.0,6.0
Exchange_Rate_Report,CALF,2,0.98597,1.6549,96,24,10,936.0,4.6
Exchange_Rate_Report,CALF,3,0.87466,1.371,96,24,10,934.6,5.3
Exchange_Rate_Report,CALF,1,1.331,2.5624,96,24,0,,
Exchange_Rate_Report,CALF,2,1.3099,2.4918,96,24,0,,
Exchange_Rate_Report,CALF,3,1.2256,2.1794,96,24,0,,
Exchange_Rate_Report,CALF,1,1.1061,1.9846,96,48,100,937.9,7.6
Exchange_Rate_Report,CALF,2,1.004,1.7455,96,48,100,945.3,9.9
Exchange_Rate_Report,CALF,3,1.0493,1.8454,96,48,100,941.3,6.6
Exchange_Rate_Report,CALF,1,1.2163,2.4368,96,96,100,966.9,7.9
Exchange_Rate_Report,CALF,2,1.0201,1.7737,96,96,100,973.3,9.3
Exchange_Rate_Report,CALF,3,1.1799,2.2859,96,96,100,970.1,7.6
Exchange_Rate_Report,DLinear,1,0.70497,0.92199,96,24,100,16.4,1.3
Exchange_Rate_Report,DLinear,2,0.70208,0.91482,96,24,100,16.4,1.2
Exchange_Rate_Report,DLinear,3,0.69954,0.91732,96,24,100,16.4,1.2
Exchange_Rate_Report,DLinear,1,0.91563,1.4853,96,24,10,16.6,0.5
Exchange_Rate_Report,DLinear,2,0.91364,1.4736,96,24,10,16.6,0.5
Exchange_Rate_Report,DLinear,3,0.91644,1.4864,96,24,10,16.6,0.5
Exchange_Rate_Report,DLinear,1,0.8742,1.3912,96,48,100,16.6,1.9
Exchange_Rate_Report,DLinear,2,0.88726,1.4418,96,48,100,16.6,1.8
Exchange_Rate_Report,DLinear,3,0.88874,1.4388,96,48,100,16.6,1.8
Exchange_Rate_Report,DLinear,1,0.99405,1.7588,96,96,100,17.1,1.6
Exchange_Rate_Report,DLinear,2,0.97346,1.7028,96,96,100,17.1,1.5
Exchange_Rate_Report,DLinear,3,0.985,1.733,96,96,100,17.1,1.5
Exchange_Rate_Report,iTransformer,1,0.80616,1.16,96,24,100,17.5,1.8
Exchange_Rate_Report,iTransformer,2,0.73819,1.0107,96,24,100,17.5,1.6
Exchange_Rate_Report,iTransformer,3,0.7547,1.0162,96,24,100,17.5,1.6
Exchange_Rate_Report,iTransformer,1,0.98313,1.7341,96,24,10,17.7,0.6
Exchange_Rate_Report,iTransformer,2,0.95131,1.6044,96,24,10,17.7,0.5
Exchange_Rate_Report,iTransformer,3,0.94365,1.6061,96,24,10,17.7,0.5
Exchange_Rate_Report,iTransformer,1,0.95155,1.6549,96,48,100,17.6,2.4
Exchange_Rate_Report,iTransformer,2,0.92522,1.5686,96,48,100,17.6,2.2
Exchange_Rate_Report,iTransformer,3,1.1458,2.1911,96,48,100,17.6,2.2
Exchange_Rate_Report,iTransformer,1,1.0083,1.7789,96,96,100,18.0,2.1
Exchange_Rate_Report,iTransformer,2,1.0535,1.9371,96,96,100,18.0,1.8
Exchange_Rate_Report,iTransformer,3,1.0387,1.9227,96,96,100,18.0,2.4
Exchange_Rate_Report,MICN,1,0.75018,0.96881,96,24,100,23.0,5.2
Exchange_Rate_Report,MICN,2,0.77447,1.044,96,24,100,23.0,2.4
Exchange_Rate_Report,MICN,3,0.75278,0.97771,96,24,100,23.0,2.4
Exchange_Rate_Report,MICN,1,1.1929,2.2721,96,24,10,23.2,0.7
Exchange_Rate_Report,MICN,2,1.1457,2.0753,96,24,10,23.2,0.6
Exchange_Rate_Report,MICN,3,1.1666,2.1703,96,24,10,23.2,0.6
Exchange_Rate_Report,MICN,1,0.92858,1.4665,96,48,100,23.4,2.5
Exchange_Rate_Report,MICN,2,0.95053,1.526,96,48,100,23.4,2.3
Exchange_Rate_Report,MICN,3,0.9947,1.6677,96,48,100,23.4,2.2
Exchange_Rate_Report,MICN,1,1.1064,2.0323,96,96,100,24.3,2.9
Exchange_Rate_Report,MICN,2,1.0847,1.9234,96,96,100,24.3,2.6
Exchange_Rate_Report,MICN,3,1.0619,1.818,96,96,100,24.3,1.9
Exchange_Rate_Report,OFA,1,0.70494,0.93909,96,24,100,348.3,7.2
Exchange_Rate_Report,OFA,2,0.71582,0.95893,96,24,100,351.5,7.8
Exchange_Rate_Report,OFA,3,0.74524,1.0229,96,24,100,351.3,8.1
Exchange_Rate_Report,OFA,1,0.80355,1.1924,96,24,10,348.4,3.2
Exchange_Rate_Report,OFA,2,0.82752,1.2645,96,24,10,351.5,3.1
Exchange_Rate_Report,OFA,3,0.81293,1.212,96,24,10,351.4,3.1
Exchange_Rate_Report,OFA,1,1.2456,2.1616,96,24,0,,
Exchange_Rate_Report,OFA,2,1.2278,2.094,96,24,0,,
Exchange_Rate_Report,OFA,3,1.2148,2.0573,96,24,0,,
Exchange_Rate_Report,OFA,1,0.91764,1.5294,96,48,100,353.7,8.3
Exchange_Rate_Report,OFA,2,0.93018,1.5634,96,48,100,355.1,8.0
Exchange_Rate_Report,OFA,3,0.91075,1.4807,96,48,100,353.7,8.4
Exchange_Rate_Report,OFA,1,1.0674,1.9727,96,96,100,359.9,13.8
Exchange_Rate_Report,OFA,2,1.0368,1.8906,96,96,100,360.6,18.0
Exchange_Rate_Report,OFA,3,1.0952,2.0676,96,96,100,361.3,17.6
Exchange_Rate_Report,PatchTST,1,0.70061,0.89235,96,24,100,18.9,1.8
Exchange_Rate_Report,PatchTST,2,0.7159,0.93163,96,24,100,18.9,1.6
Exchange_Rate_Report,PatchTST,3,0.72221,1.0027,96,24,100,18.9,1.6
Exchange_Rate_Report,PatchTST,1,0.81052,1.1392,96,24,10,19.1,0.7
Exchange_Rate_Report,PatchTST,2,0.86562,1.3699,96,24,10,19.1,0.5
Exchange_Rate_Report,PatchTST,3,0.86133,1.3364,96,24,10,19.1,0.5
Exchange_Rate_Report,PatchTST,1,0.88838,1.4169,96,48,100,19.3,2.5
Exchange_Rate_Report,PatchTST,2,0.90904,1.504,96,48,100,19.3,2.3
Exchange_Rate_Report,PatchTST,3,0.92748,1.5452,96,48,100,19.3,2.3
Exchange_Rate_Report,PatchTST,1,0.91187,1.5836,96,96,100,20.2,2.1
Exchange_Rate_Report,PatchTST,2,0.99069,1.8647,96,96,100,20.2,1.8
Exchange_Rate_Report,PatchTST,3,0.98688,1.8549,96,96,100,20.2,2.5
Exchange_Rate_Report,TimeLLM,1,0.72889,0.94046,96,24,100,1125.9,59.7
Exchange_Rate_Report,TimeLLM,2,0.736,0.94595,96,24,100,1126.8,61.4
Exchange_Rate_Report,TimeLLM,3,0.72476,0.91406,96,24,100,1128.2,60.6
Exchange_Rate_Report,TimeLLM,1,0.7748,1.1104,96,24,10,1126.0,11.9
Exchange_Rate_Report,TimeLLM,2,0.86894,1.3531,96,24,10,1125.9,11.8
Exchange_Rate_Report,TimeLLM,3,0.79026,1.1338,96,24,10,1126.7,12.3
Exchange_Rate_Report,TimeLLM,1,1.4841,3.212,96,24,0,,
Exchange_Rate_Report,TimeLLM,2,1.4788,3.2583,96,24,0,,
Exchange_Rate_Report,TimeLLM,3,1.4593,3.27,96,24,0,,
Exchange_Rate_Report,TimeLLM,1,0.94044,1.5187,96,48,100,1126.3,43.6
Exchange_Rate_Report,TimeLLM,2,0.97651,1.6481,96,48,100,1126.3,48.6
Exchange_Rate_Report,TimeLLM,3,0.9588,1.5713,96,48,100,1126.3,45.0
Exchange_Rate_Report,TimeLLM,1,1.0489,1.8935,96,96,100,1127.8,217.5
Exchange_Rate_Report,TimeLLM,2,1.0855,1.9603,96,96,100,1127.7,264.0
Exchange_Rate_Report,TimeLLM,3,1.0046,1.7783,96,96,100,1128.3,201.4
Exchange_Rate_Report,TimeMixer,1,0.72597,0.96206,96,24,100,18.1,4.9
Exchange_Rate_Report,TimeMixer,2,0.71354,0.93752,96,24,100,18.1,4.5
Exchange_Rate_Report,TimeMixer,3,0.71504,0.9383,96,24,100,18.1,4.4
Exchange_Rate_Report,TimeMixer,1,0.86901,1.3658,96,24,10,18.2,0.9
Exchange_Rate_Report,TimeMixer,2,0.83542,1.276,96,24,10,18.2,0.8
Exchange_Rate_Report,TimeMixer,3,0.81343,1.2171,96,24,10,18.2,0.8
Exchange_Rate_Report,TimeMixer,1,0.91162,1.5174,96,48,100,18.2,4.1
Exchange_Rate_Report,TimeMixer,2,0.90394,1.4644,96,48,100,18.2,4.0
Exchange_Rate_Report,TimeMixer,3,0.91741,1.5245,96,48,100,18.2,3.9
Exchange_Rate_Report,TimeMixer,1,1.0462,1.9063,96,96,100,18.7,5.4
Exchange_Rate_Report,TimeMixer,2,1.0433,1.9117,96,96,100,18.7,5.4
Exchange_Rate_Report,TimeMixer,3,0.96836,1.6383,96,96,100,18.7,5.1
Exchange_Rate_Report,TimesNet,1,0.91907,1.3873,96,24,100,166.1,17.5
Exchange_Rate_Report,TimesNet,2,1.0691,2.0389,96,24,100,168.3,84.9
Exchange_Rate_Report,TimesNet,1,1.3859,3.0191,96,24,10,168.8,2.9
Exchange_Rate_Report,TimesNet,2,1.2965,2.6126,96,24,10,168.9,3.5
Exchange_Rate_Report,TimesNet,3,1.3371,2.9837,96,24,10,169.6,2.4
Exchange_Rate_Report,TimesNet,1,1.1341,2.0894,96,48,100,169.2,25.0
Exchange_Rate_Report,TimesNet,2,1.2752,2.6127,96,48,100,172.0,31.3
Exchange_Rate_Report,TimesNet,3,1.448,3.2583,96,48,100,174.0,38.1
Exchange_Rate_Report,TimesNet,1,1.5126,3.4573,96,96,100,165.3,67.8
Exchange_Rate_Report,TimesNet,2,1.7588,4.4632,96,96,100,170.7,103.2
Exchange_Rate_Report,TimesNet,3,1.6102,3.879,96,96,100,169.6,80.3
Financial_Aid_State,CALF,1,0.88415,1.7533,10,1,100,962.0,1.3
Financial_Aid_State,CALF,2,0.83834,1.6984,10,1,100,965.4,1.9
Financial_Aid_State,CALF,3,0.76708,1.4563,10,1,100,961.3,1.5
Financial_Aid_State,CALF,1,0.89412,1.6128,10,1,10,961.7,1.1
Financial_Aid_State,CALF,2,0.81236,1.4605,10,1,10,962.6,1.0
Financial_Aid_State,CALF,3,0.97821,1.8449,10,1,10,964.7,1.7
Financial_Aid_State,CALF,1,1.3872,3.0677,10,1,0,,
Financial_Aid_State,CALF,2,1.6601,4.0474,10,1,0,,
Financial_Aid_State,CALF,3,1.7177,4.3538,10,1,0,,
Financial_Aid_State,DLinear,1,1.2129,2.4852,10,1,100,16.3,0.3
Financial_Aid_State,DLinear,2,1.2006,2.3684,10,1,100,16.3,0.2
Financial_Aid_State,DLinear,3,1.228,2.6353,10,1,100,16.3,0.2
Financial_Aid_State,DLinear,1,1.3542,2.9136,10,1,10,16.3,0.2
Financial_Aid_State,DLinear,2,1.3316,2.7357,10,1,10,16.3,0.2
Financial_Aid_State,DLinear,3,1.4065,3.1842,10,1,10,16.3,0.1
Financial_Aid_State,DLinear,1,1.4041,3.0743,10,1,0,,
Financial_Aid_State,DLinear,2,1.3768,2.884,10,1,0,,
Financial_Aid_State,DLinear,3,1.435,3.2948,10,1,0,,
Financial_Aid_State,iTransformer,1,0.7461,1.5072,10,1,100,17.3,0.3
Financial_Aid_State,iTransformer,2,0.79848,1.7636,10,1,100,17.3,0.2
Financial_Aid_State,iTransformer,3,0.79488,1.5946,10,1,100,17.3,0.2
Financial_Aid_State,iTransformer,1,1.1574,2.3509,10,1,10,17.3,0.2
Financial_Aid_State,iTransformer,2,1.0381,1.9577,10,1,10,17.3,0.1
Financial_Aid_State,iTransformer,3,1.2183,2.3652,10,1,10,17.3,0.1
Financial_Aid_State,iTransformer,1,1.6638,4.0102,10,1,0,,
Financial_Aid_State,iTransformer,2,2.0165,6.4614,10,1,0,,
Financial_Aid_State,iTransformer,3,1.8576,5.5934,10,1,0,,
Financial_Aid_State,OFA,1,0.7569,1.6881,10,1,100,345.5,1.3
Financial_Aid_State,OFA,2,0.70251,1.4768,10,1,100,345.7,1.2
Financial_Aid_State,OFA,3,0.72674,1.576,10,1,100,345.5,1.0
Financial_Aid_State,OFA,1,1.0768,2.0164,10,1,10,345.5,1.0
Financial_Aid_State,OFA,2,1.2758,2.5653,10,1,10,346.6,0.4
Financial_Aid_State,OFA,3,1.2559,2.4973,10,1,10,345.5,0.3
Financial_Aid_State,OFA,1,1.4273,3.2286,10,1,0,,
Financial_Aid_State,OFA,2,1.4281,3.2521,10,1,0,,
Financial_Aid_State,OFA,3,1.3821,3.0408,10,1,0,,
Financial_Aid_State,PatchTST,1,0.82944,1.8036,10,1,100,18.5,0.6
Financial_Aid_State,PatchTST,2,1.2176,2.9551,10,1,100,18.5,0.2
Financial_Aid_State,PatchTST,3,0.80864,1.9408,10,1,100,18.5,0.2
Financial_Aid_State,PatchTST,1,0.87197,1.8958,10,1,10,18.5,0.3
Financial_Aid_State,PatchTST,2,1.0547,2.4669,10,1,10,18.5,0.2
Financial_Aid_State,PatchTST,3,0.91847,2.3308,10,1,10,18.5,0.2
Financial_Aid_State,PatchTST,1,1.5649,3.7562,10,1,0,,
Financial_Aid_State,PatchTST,2,1.4358,3.5326,10,1,0,,
Financial_Aid_State,PatchTST,3,1.492,3.461,10,1,0,,
Financial_Aid_State,TimeLLM,1,0.80358,1.4345,10,1,100,1125.0,2.4
Financial_Aid_State,TimeLLM,2,0.76831,1.4149,10,1,100,1127.3,2.3
Financial_Aid_State,TimeLLM,3,0.80531,1.2924,10,1,100,1124.9,2.0
Financial_Aid_State,TimeLLM,1,1.2313,2.5108,10,1,10,1125.6,1.6
Financial_Aid_State,TimeLLM,2,1.2137,2.3003,10,1,10,1128.6,1.2
Financial_Aid_State,TimeLLM,3,0.784,1.3569,10,1,10,1127.9,1.3
Financial_Aid_State,TimeLLM,1,1.2892,3.0655,10,1,0,,
Financial_Aid_State,TimeLLM,2,1.2593,2.7771,10,1,0,,
Financial_Aid_State,TimeLLM,3,1.3076,3.1213,10,1,0,,
Financial_Aid_State,TimeMixer,1,0.96951,1.9967,10,1,100,16.8,0.5
Financial_Aid_State,TimeMixer,2,0.97986,2.2661,10,1,100,16.8,0.4
Financial_Aid_State,TimeMixer,3,1.0563,2.0202,10,1,100,16.8,0.4
Financial_Aid_State,TimeMixer,1,1.142,2.1791,10,1,10,16.8,0.3
Financial_Aid_State,TimeMixer,2,1.3237,3.2247,10,1,10,16.8,0.2
Financial_Aid_State,TimeMixer,3,1.6293,3.7239,10,1,10,16.8,0.2
Financial_Aid_State,TimeMixer,1,1.2896,2.6092,10,1,0,,
Financial_Aid_State,TimeMixer,2,2.009,6.2988,10,1,0,,
Financial_Aid_State,TimeMixer,3,1.6599,4.0078,10,1,0,,
Financial_Aid_State,TimesNet,1,0.80643,1.7941,10,1,100,164.5,0.5
Financial_Aid_State,TimesNet,2,0.81286,1.5176,10,1,100,163.7,0.4
Financial_Aid_State,TimesNet,3,0.79037,1.6036,10,1,100,162.1,0.5
Financial_Aid_State,TimesNet,1,1.0868,2.2768,10,1,10,163.7,0.5
Financial_Aid_State,TimesNet,2,0.89311,1.9185,10,1,10,163.9,0.3
Financial_Aid_State,TimesNet,3,1.1419,2.3037,10,1,10,162.4,0.3
Financial_Aid_State,TimesNet,1,1.2572,2.8752,10,1,0,,
Financial_Aid_State,TimesNet,2,1.5338,3.8199,10,1,0,,
Financial_Aid_State,TimesNet,3,1.615,4.1605,10,1,0,,
Gold,CALF,1,1.193,2.771,96,24,100,1474.7,10.2
Gold,CALF,2,1.1533,2.5813,96,24,100,1476.7,13.1
Gold,CALF,3,1.157,2.5205,96,24,100,1474.8,11.9
Gold,CALF,1,1.2272,2.9189,96,24,10,939.5,4.4
Gold,CALF,2,1.2663,3.187,96,24,10,941.8,4.7
Gold,CALF,3,1.2299,3.0674,96,24,10,943.8,4.8
Gold,CALF,1,1.7908,5.2394,96,24,0,,
Gold,CALF,2,1.7958,5.2938,96,24,0,,
Gold,CALF,3,1.69,4.834,96,24,0,,
Gold,CALF,1,1.6523,5.1005,96,48,100,949.8,8.7
Gold,CALF,2,1.4605,4.2268,96,48,100,954.4,7.7
Gold,CALF,3,1.5559,5.0424,96,48,100,955.1,8.4
Gold,CALF,1,2.756,12.295,96,96,100,971.2,7.9
Gold,CALF,2,2.5305,10.318,96,96,100,972.6,8.0
Gold,CALF,3,2.6383,10.854,96,96,100,972.3,9.2
Gold,DLinear,1,1.0441,2.4014,96,24,100,16.4,2.1
Gold,DLinear,2,1.0525,2.4298,96,24,100,16.4,2.0
Gold,DLinear,3,1.0397,2.3888,96,24,100,16.4,2.0
Gold,DLinear,1,1.1401,2.7817,96,24,10,16.6,0.5
Gold,DLinear,2,1.1447,2.8036,96,24,10,16.6,0.5
Gold,DLinear,3,1.138,2.7613,96,24,10,16.6,0.5
Gold,DLinear,1,1.394,4.3293,96,48,100,16.6,1.9
Gold,DLinear,2,1.3944,4.3398,96,48,100,16.6,1.8
Gold,DLinear,3,1.3963,4.3269,96,48,100,16.6,1.8
Gold,DLinear,1,2.4321,10.076,96,96,100,16.6,1.6
Gold,DLinear,2,2.4894,10.612,96,96,100,16.6,1.5
Gold,DLinear,3,2.4504,10.23,96,96,100,16.6,1.5
Gold,iTransformer,1,1.1041,2.5971,96,24,100,17.5,2.5
Gold,iTransformer,2,1.0834,2.3522,96,24,100,17.5,2.7
Gold,iTransformer,3,1.0859,2.3831,96,24,100,17.5,2.7
Gold,iTransformer,1,1.2115,2.8999,96,24,10,17.7,0.6
Gold,iTransformer,2,1.2332,3.0865,96,24,10,17.7,0.5
Gold,iTransformer,3,1.2215,3.0255,96,24,10,17.7,0.5
Gold,iTransformer,1,1.417,4.2576,96,48,100,17.7,2.4
Gold,iTransformer,2,1.4294,4.3324,96,48,100,17.7,2.1
Gold,iTransformer,3,1.5446,4.6404,96,48,100,17.7,2.1
Gold,iTransformer,1,2.3589,9.2222,96,96,100,17.6,2.7
Gold,iTransformer,2,2.3255,8.995,96,96,100,17.6,2.5
Gold,iTransformer,3,2.6282,10.726,96,96,100,17.6,1.8
Gold,MICN,1,1.1892,2.7851,96,24,10,23.2,0.7
Gold,MICN,2,1.2297,2.981,96,24,10,23.2,0.6
Gold,MICN,3,1.215,2.8797,96,24,10,23.2,0.6
Gold,MICN,1,1.3326,3.8182,96,48,100,23.4,2.4
Gold,MICN,2,1.3347,3.7841,96,48,100,23.4,2.2
Gold,MICN,3,1.3725,4.1936,96,48,100,23.4,2.2
Gold,MICN,1,2.1781,8.0295,96,96,100,23.8,3.1
Gold,MICN,2,2.3177,8.9634,96,96,100,23.8,2.6
Gold,MICN,3,2.3407,9.1542,96,96,100,23.8,2.7
Gold,OFA,1,1.0534,2.3514,96,24,100,349.0,5.5
Gold,OFA,2,1.0618,2.3528,96,24,100,350.2,5.6
Gold,OFA,3,1.0619,2.3164,96,24,100,349.0,5.8
Gold,OFA,1,1.2253,3.0281,96,24,10,349.1,2.6
Gold,OFA,2,1.3248,3.436,96,24,10,350.3,2.2
Gold,OFA,3,1.4139,3.6888,96,24,10,349.1,2.2
Gold,OFA,1,1.7885,5.073,96,24,0,,
Gold,OFA,2,1.7668,5.0207,96,24,0,,
Gold,OFA,3,1.7432,4.8978,96,24,0,,
Gold,OFA,1,1.4604,4.5687,96,48,100,353.4,6.9
Gold,OFA,2,1.5002,4.7533,96,48,100,354.2,7.2
Gold,OFA,3,1.4361,4.5208,96,48,100,354.3,6.6
Gold,OFA,1,2.2868,8.7486,96,96,100,360.0,13.5
Gold,OFA,2,2.5633,11.075,96,96,100,361.6,14.0
Gold,OFA,3,2.4909,10.356,96,96,100,362.9,13.3
Gold,PatchTST,1,1.0981,2.5891,96,24,100,18.9,3.0
Gold,PatchTST,2,1.0454,2.3548,96,24,100,18.9,2.7
Gold,PatchTST,3,1.1193,2.5926,96,24,100,18.9,2.7
Gold,PatchTST,1,1.1426,2.5677,96,24,10,19.1,0.7
Gold,PatchTST,2,1.1619,2.7135,96,24,10,19.1,0.5
Gold,PatchTST,3,1.1531,2.768,96,24,10,19.1,0.5
Gold,PatchTST,1,1.6014,5.1324,96,48,100,19.3,2.3
Gold,PatchTST,2,1.6684,5.8932,96,48,100,19.3,2.2
Gold,PatchTST,3,1.7258,5.9897,96,48,100,19.3,2.1
Gold,PatchTST,1,2.3796,9.6987,96,96,100,19.8,3.0
Gold,PatchTST,2,2.5002,10.513,96,96,100,19.8,2.5
Gold,PatchTST,3,3.1084,14.954,96,96,100,19.8,2.5
Gold,TimeLLM,1,1.232,2.9717,96,24,100,1125.9,45.8
Gold,TimeLLM,2,1.2301,2.9887,96,24,100,1126.6,43.8
Gold,TimeLLM,3,1.1392,2.7209,96,24,100,1128.3,43.5
Gold,TimeLLM,1,1.1723,2.6484,96,24,10,1125.9,9.1
Gold,TimeLLM,2,1.1993,2.8547,96,24,10,1126.6,9.9
Gold,TimeLLM,3,1.1465,2.6275,96,24,10,1128.3,9.1
Gold,TimeLLM,1,2.0573,6.5412,96,24,0,,
Gold,TimeLLM,2,2.0179,6.4696,96,24,0,,
Gold,TimeLLM,3,1.7887,5.4395,96,24,0,,
Gold,TimeLLM,1,1.4342,4.5452,96,48,100,1126.2,65.1
Gold,TimeLLM,2,1.4165,4.3007,96,48,100,1127.8,63.6
Gold,TimeLLM,3,1.4228,4.0819,96,48,100,1128.6,63.8
Gold,TimeLLM,1,2.5337,10.667,96,96,100,1127.3,147.4
Gold,TimeLLM,2,2.4226,9.6923,96,96,100,1128.9,154.6
Gold,TimeLLM,3,2.5816,10.993,96,96,100,1129.7,158.6
Gold,TimeMixer,1,1.0893,2.6719,96,24,100,18.1,7.3
Gold,TimeMixer,2,1.0641,2.5042,96,24,100,18.1,4.8
Gold,TimeMixer,3,1.0193,2.2829,96,24,100,18.1,4.8
Gold,TimeMixer,1,1.1003,2.5619,96,24,10,18.2,0.8
Gold,TimeMixer,2,1.1571,2.7152,96,24,10,18.2,0.8
Gold,TimeMixer,3,1.0765,2.431,96,24,10,18.2,0.8
Gold,TimeMixer,1,1.4083,4.4796,96,48,100,18.3,4.2
Gold,TimeMixer,2,1.3952,4.3187,96,48,100,18.3,4.0
Gold,TimeMixer,3,1.3765,4.137,96,48,100,18.3,4.0
Gold,TimeMixer,1,2.5308,10.91,96,96,100,18.3,4.9
Gold,TimeMixer,2,2.4779,10.416,96,96,100,18.3,4.7
Gold,TimeMixer,3,2.5131,10.585,96,96,100,18.3,5.2
Gold,TimesNet,1,1.0631,2.3697,96,24,100,164.9,29.7
Gold,TimesNet,2,1.0678,2.3692,96,24,100,166.8,35.0
Gold,TimesNet,3,1.1307,2.6546,96,24,100,168.4,20.9
Gold,TimesNet,1,1.1457,2.5908,96,24,10,166.6,4.5
Gold,TimesNet,2,1.1847,2.8156,96,24,10,171.0,5.1
Gold,TimesNet,3,1.1725,2.5852,96,24,10,171.0,3.4
Gold,TimesNet,1,1.5709,5.0697,96,48,100,167.6,33.5
Gold,TimesNet,2,1.4043,4.2219,96,48,100,171.4,50.2
Gold,TimesNet,3,1.5937,5.4036,96,48,100,169.9,27.2
Gold,TimesNet,1,2.3209,9.3949,96,96,100,167.1,88.7
Gold,TimesNet,2,2.5841,10.772,96,96,100,170.2,118.0
Gold,TimesNet,3,2.4055,9.8005,96,96,100,167.3,100.4
MSFT,CALF,1,0.97845,1.8419,96,24,100,1469.0,12.5
MSFT,CALF,2,1.0009,1.8869,96,24,100,1471.1,12.0
MSFT,CALF,3,1.0137,2.0943,96,24,100,1470.0,10.2
MSFT,CALF,1,1.1407,2.4526,96,24,10,938.4,4.9
MSFT,CALF,2,1.3857,3.3612,96,24,10,939.9,2.8
MSFT,CALF,3,1.2852,3.1039,96,24,10,941.4,5.1
MSFT,CALF,1,1.6376,4.2059,96,24,0,,
MSFT,CALF,2,1.6533,4.2925,96,24,0,,
MSFT,CALF,3,1.555,3.8697,96,24,0,,
MSFT,CALF,1,1.2828,3.2692,96,48,100,946.8,7.1
MSFT,CALF,2,1.3876,3.7131,96,48,100,950.0,8.1
MSFT,CALF,3,1.2254,2.915,96,48,100,948.3,6.9
MSFT,CALF,1,1.6076,4.9472,96,96,100,973.6,8.5
MSFT,CALF,2,1.5486,4.6303,96,96,100,977.5,8.5
MSFT,CALF,3,1.599,5.0887,96,96,100,976.5,8.1
MSFT,DLinear,1,0.96708,1.8997,96,24,100,16.4,2.6
MSFT,DLinear,2,0.95888,1.8763,96,24,100,16.4,2.6
MSFT,DLinear,3,0.96325,1.8832,96,24,100,16.4,2.5
MSFT,DLinear,1,1.1007,2.5124,96,24,10,16.6,0.7
MSFT,DLinear,2,1.1092,2.5418,96,24,10,16.6,0.6
MSFT,DLinear,3,1.0898,2.4754,96,24,10,16.6,0.5
MSFT,DLinear,1,1.1486,2.5764,96,48,100,16.5,2.4
MSFT,DLinear,2,1.1489,2.5895,96,48,100,16.5,2.3
MSFT,DLinear,3,1.1505,2.5977,96,48,100,16.5,2.4
MSFT,DLinear,1,1.5954,5.8503,96,96,100,16.9,2.0
MSFT,DLinear,2,1.5921,5.8585,96,96,100,16.9,1.8
MSFT,DLinear,3,1.5876,5.8159,96,96,100,16.9,2.0
MSFT,iTransformer,1,0.92183,1.675,96,24,100,17.5,3.4
MSFT,iTransformer,2,0.9199,1.6562,96,24,100,17.5,3.2
MSFT,iTransformer,3,0.89311,1.5726,96,24,100,17.5,3.2
MSFT,iTransformer,1,1.1629,2.541,96,24,10,17.6,0.7
MSFT,iTransformer,2,1.1635,2.5387,96,24,10,17.6,0.6
MSFT,iTransformer,3,1.1385,2.3787,96,24,10,17.6,0.6
MSFT,iTransformer,1,1.3351,3.2504,96,48,100,17.6,2.9
MSFT,iTransformer,2,1.2148,2.7259,96,48,100,17.6,2.7
MSFT,iTransformer,3,1.2805,3.1912,96,48,100,17.6,2.6
MSFT,iTransformer,1,1.8107,5.4549,96,96,100,17.9,3.3
MSFT,iTransformer,2,1.8181,5.4055,96,96,100,17.9,3.1
MSFT,iTransformer,3,1.5659,4.0883,96,96,100,17.9,2.1
MSFT,MICN,1,0.89435,1.6371,96,24,100,22.9,3.5
MSFT,MICN,2,0.90335,1.6664,96,24,100,22.9,3.4
MSFT,MICN,3,0.88992,1.6407,96,24,100,22.9,3.4
MSFT,MICN,1,1.24,3.1129,96,24,10,23.2,0.8
MSFT,MICN,2,1.2116,2.7628,96,24,10,23.2,0.7
MSFT,MICN,3,1.2084,2.8572,96,24,10,23.2,0.7
MSFT,MICN,1,1.0994,2.2965,96,48,100,23.3,3.0
MSFT,MICN,2,1.1349,2.5423,96,48,100,23.3,2.8
MSFT,MICN,3,1.0412,2.1889,96,48,100,23.3,2.9
MSFT,MICN,1,1.3172,3.3807,96,96,100,24.1,2.7
MSFT,MICN,2,1.4236,3.999,96,96,100,24.1,3.4
MSFT,MICN,3,1.3067,3.3872,96,96,100,24.1,3.0
MSFT,OFA,1,0.93042,1.8788,96,24,100,349.0,6.2
MSFT,OFA,2,0.94087,1.8862,96,24,100,350.1,6.9
MSFT,OFA,3,0.9323,1.9402,96,24,100,349.0,6.2
MSFT,OFA,1,1.3556,3.3819,96,24,10,349.1,2.6
MSFT,OFA,2,1.3436,3.284,96,24,10,349.9,2.3
MSFT,OFA,3,1.4017,3.5372,96,24,10,350.4,3.2
MSFT,OFA,1,1.6075,4.034,96,24,0,,
MSFT,OFA,2,1.5845,3.9789,96,24,0,,
MSFT,OFA,3,1.5641,3.8609,96,24,0,,
MSFT,OFA,1,1.1086,2.6288,96,48,100,353.4,6.9
MSFT,OFA,2,1.0955,2.5424,96,48,100,354.5,7.8
MSFT,OFA,3,1.1203,2.5866,96,48,100,353.1,7.2
MSFT,OFA,1,1.5041,5.1674,96,96,100,359.6,7.2
MSFT,OFA,2,1.4466,4.9688,96,96,100,361.2,10.4
MSFT,OFA,3,1.48,4.8155,96,96,100,360.6,12.6
MSFT,PatchTST,1,0.88467,1.6187,96,24,100,18.9,3.4
MSFT,PatchTST,2,0.88368,1.5618,96,24,100,18.9,3.3
MSFT,PatchTST,3,0.84913,1.4607,96,24,100,18.9,3.3
MSFT,PatchTST,1,1.0995,2.3188,96,24,10,19.0,0.8
MSFT,PatchTST,2,1.04,1.9869,96,24,10,19.0,0.6
MSFT,PatchTST,3,1.048,2.075,96,24,10,19.0,0.6
MSFT,PatchTST,1,1.1236,2.3875,96,48,100,19.2,2.9
MSFT,PatchTST,2,1.0956,2.2773,96,48,100,19.2,2.8
MSFT,PatchTST,3,1.2093,2.986,96,48,100,19.2,2.8
MSFT,PatchTST,1,1.4594,4.1775,96,96,100,20.1,3.6
MSFT,PatchTST,2,1.3876,3.9529,96,96,100,20.1,3.2
MSFT,PatchTST,3,1.5689,4.822,96,96,100,20.1,3.1
MSFT,TimeLLM,1,1.038,1.9576,96,24,100,1126.3,47.3
MSFT,TimeLLM,2,0.99935,2.0712,96,24,100,1126.5,46.5
MSFT,TimeLLM,3,0.99862,2.0679,96,24,100,1126.9,48.6
MSFT,TimeLLM,1,1.0708,2.2544,96,24,10,1126.9,9.9
MSFT,TimeLLM,2,1.1066,2.4953,96,24,10,1127.4,10.3
MSFT,TimeLLM,3,1.1154,2.4473,96,24,10,1125.9,10.4
MSFT,TimeLLM,1,1.8854,5.4746,96,24,0,,
MSFT,TimeLLM,2,1.8644,5.3969,96,24,0,,
MSFT,TimeLLM,3,1.6827,4.5238,96,24,0,,
MSFT,TimeLLM,1,1.1559,2.6077,96,48,100,1126.7,68.4
MSFT,TimeLLM,2,1.1951,2.7511,96,48,100,1125.0,68.3
MSFT,TimeLLM,3,1.1852,2.5923,96,48,100,1126.7,68.0
MSFT,TimeLLM,1,1.5573,4.6016,96,96,100,1127.9,163.0
MSFT,TimeLLM,2,1.7129,5.5224,96,96,100,1130.2,169.4
MSFT,TimeLLM,3,1.7113,5.6091,96,96,100,1128.6,172.4
MSFT,TimeMixer,1,0.83457,1.4607,96,24,100,18.1,5.2
MSFT,TimeMixer,2,0.84395,1.4412,96,24,100,18.1,4.8
MSFT,TimeMixer,3,0.9033,1.7518,96,24,100,18.1,5.0
MSFT,TimeMixer,1,1.1855,2.9342,96,24,10,18.2,0.9
MSFT,TimeMixer,2,1.2072,2.8857,96,24,10,18.2,0.8
MSFT,TimeMixer,3,1.1559,2.742,96,24,10,18.2,0.8
MSFT,TimeMixer,1,1.0547,2.1872,96,48,100,18.2,4.4
MSFT,TimeMixer,2,1.1641,2.6275,96,48,100,18.2,4.2
MSFT,TimeMixer,3,1.1305,2.6498,96,48,100,18.2,4.2
MSFT,TimeMixer,1,1.5585,4.6131,96,96,100,18.6,6.1
MSFT,TimeMixer,2,1.7026,5.641,96,96,100,18.6,4.9
MSFT,TimeMixer,3,1.4917,4.2771,96,96,100,18.6,6.2
MSFT,TimesNet,1,0.91072,1.6519,96,24,100,166.1,15.3
MSFT,TimesNet,2,0.92824,1.5989,96,24,100,173.2,20.6
MSFT,TimesNet,3,0.91902,1.5413,96,24,100,171.3,16.4
MSFT,TimesNet,1,1.5194,3.9604,96,24,10,169.1,4.0
MSFT,TimesNet,2,1.4346,3.6101,96,24,10,169.6,3.8
MSFT,TimesNet,3,1.33,3.09,96,24,10,169.2,2.6
MSFT,TimesNet,1,1.1447,2.5791,96,48,100,167.2,23.9
MSFT,TimesNet,2,1.2318,2.9017,96,48,100,170.2,31.7
MSFT,TimesNet,3,1.3323,2.9209,96,48,100,176.4,21.2
MSFT,TimesNet,1,1.5344,5.3983,96,96,100,165.1,82.0
MSFT,TimesNet,2,1.3939,3.3223,96,96,100,166.6,74.5
MSFT,TimesNet,3,1.6704,4.925,96,96,100,166.2,68.0
Natural_Gas,CALF,1,1.0119,1.8183,96,24,100,937.3,7.7
Natural_Gas,CALF,2,0.97778,1.6579,96,24,100,940.1,6.4
Natural_Gas,CALF,3,1.0081,1.8208,96,24,100,1474.8,9.9
Natural_Gas,CALF,1,1.1986,2.4479,96,24,10,939.5,4.3
Natural_Gas,CALF,2,1.158,2.2269,96,24,10,941.8,4.2
Natural_Gas,CALF,3,1.1645,2.2287,96,24,10,943.8,4.6
Natural_Gas,CALF,1,1.4526,3.4056,96,24,0,,
Natural_Gas,CALF,2,1.4509,3.3519,96,24,0,,
Natural_Gas,CALF,3,1.3787,3.0534,96,24,0,,
Natural_Gas,CALF,1,1.2873,2.7045,96,48,100,949.8,8.6
Natural_Gas,CALF,2,1.3719,3.0107,96,48,100,954.4,6.4
Natural_Gas,CALF,3,1.3205,2.8599,96,48,100,955.1,9.1
Natural_Gas,CALF,1,1.6847,4.7597,96,96,100,971.2,9.4
Natural_Gas,CALF,2,1.7314,5.0479,96,96,100,972.6,8.9
Natural_Gas,CALF,3,1.6565,4.3837,96,96,100,972.3,7.8
Natural_Gas,DLinear,1,1.0325,1.8334,96,24,100,16.4,2.0
Natural_Gas,DLinear,2,1.0123,1.7858,96,24,100,16.4,1.9
Natural_Gas,DLinear,3,1.0182,1.7941,96,24,100,16.4,1.9
Natural_Gas,DLinear,1,1.1554,2.1756,96,24,10,16.6,1.7
Natural_Gas,DLinear,2,1.1572,2.1751,96,24,10,16.6,0.7
Natural_Gas,DLinear,3,1.1802,2.2425,96,24,10,16.6,0.7
Natural_Gas,DLinear,1,1.4021,3.0452,96,48,100,16.6,1.9
Natural_Gas,DLinear,2,1.3666,3.0027,96,48,100,16.6,1.8
Natural_Gas,DLinear,3,1.377,3.0161,96,48,100,16.6,1.8
Natural_Gas,DLinear,1,1.754,5.2426,96,96,100,16.6,1.8
Natural_Gas,DLinear,2,1.7641,5.2716,96,96,100,16.6,1.6
Natural_Gas,DLinear,3,1.7702,5.3197,96,96,100,16.6,1.5
Natural_Gas,iTransformer,1,0.98683,1.7267,96,24,100,17.5,2.7
Natural_Gas,iTransformer,2,0.99615,1.7937,96,24,100,17.5,2.5
Natural_Gas,iTransformer,3,1.0771,1.9045,96,24,100,17.5,2.5
Natural_Gas,iTransformer,1,1.175,2.3083,96,24,10,17.7,1.1
Natural_Gas,iTransformer,2,1.0847,2.0647,96,24,10,17.7,0.8
Natural_Gas,iTransformer,3,1.0933,1.9853,96,24,10,17.7,0.8
Natural_Gas,iTransformer,1,1.3992,3.1172,96,48,100,17.7,2.3
Natural_Gas,iTransformer,2,1.3455,2.9462,96,48,100,17.7,2.1
Natural_Gas,iTransformer,3,1.3517,3.0203,96,48,100,17.7,2.1
Natural_Gas,iTransformer,1,1.7986,5.6512,96,96,100,17.6,3.0
Natural_Gas,iTransformer,2,1.9303,6.3811,96,96,100,17.6,2.5
Natural_Gas,iTransformer,3,1.8135,5.7031,96,96,100,17.6,2.3
Natural_Gas,MICN,1,0.96713,1.7079,96,24,100,23.0,2.9
Natural_Gas,MICN,2,1.0118,1.7867,96,24,100,23.0,2.8
Natural_Gas,MICN,3,0.99071,1.766,96,24,100,23.0,2.8
Natural_Gas,MICN,1,1.1169,2.1551,96,24,10,23.2,0.7
Natural_Gas,MICN,2,1.2678,2.6281,96,24,10,23.2,0.6
Natural_Gas,MICN,3,1.168,2.3418,96,24,10,23.2,0.6
Natural_Gas,MICN,1,1.3249,2.9197,96,48,100,23.4,2.4
Natural_Gas,MICN,2,1.3358,2.9592,96,48,100,23.4,2.2
Natural_Gas,MICN,3,1.3734,3.0946,96,48,100,23.4,2.3
Natural_Gas,MICN,1,1.6879,4.6157,96,96,100,23.8,2.2
Natural_Gas,MICN,2,1.5806,3.9349,96,96,100,23.8,2.0
Natural_Gas,MICN,3,1.5519,3.6829,96,96,100,23.8,2.4
Natural_Gas,OFA,1,0.97251,1.7874,96,24,100,349.0,5.8
Natural_Gas,OFA,2,0.98911,1.7784,96,24,100,350.2,5.7
Natural_Gas,OFA,3,1.0057,1.7466,96,24,100,349.0,6.0
Natural_Gas,OFA,1,1.0477,1.9823,96,24,10,349.1,1.9
Natural_Gas,OFA,2,1.099,2.0147,96,24,10,350.3,1.6
Natural_Gas,OFA,3,1.2348,2.5094,96,24,10,349.1,1.7
Natural_Gas,OFA,1,1.3679,3.028,96,24,0,,
Natural_Gas,OFA,2,1.3462,2.9291,96,24,0,,
Natural_Gas,OFA,3,1.345,2.9342,96,24,0,,
Natural_Gas,OFA,1,1.3585,2.9984,96,48,100,353.4,6.4
Natural_Gas,OFA,2,1.3445,2.8435,96,48,100,354.2,6.3
Natural_Gas,OFA,3,1.3006,2.814,96,48,100,354.3,6.3
Natural_Gas,OFA,1,1.7889,5.3623,96,96,100,360.0,9.6
Natural_Gas,OFA,2,1.8164,5.5776,96,96,100,361.6,12.8
Natural_Gas,OFA,3,1.7403,5.0468,96,96,100,362.9,13.1
Natural_Gas,PatchTST,1,1.0283,1.9894,96,24,100,18.9,2.8
Natural_Gas,PatchTST,2,1.0317,1.9927,96,24,100,18.9,2.6
Natural_Gas,PatchTST,3,1.0807,2.0827,96,24,100,18.9,2.6
Natural_Gas,PatchTST,1,1.2434,2.4766,96,24,10,19.1,2.5
Natural_Gas,PatchTST,2,1.2085,2.3812,96,24,10,19.1,0.7
Natural_Gas,PatchTST,3,1.2746,2.5817,96,24,10,19.1,0.8
Natural_Gas,PatchTST,1,1.4093,3.2841,96,48,100,19.3,2.4
Natural_Gas,PatchTST,2,1.3653,3.3274,96,48,100,19.3,2.2
Natural_Gas,PatchTST,3,1.4283,3.62,96,48,100,19.3,2.2
Natural_Gas,PatchTST,1,1.7635,5.1317,96,96,100,19.8,2.7
Natural_Gas,PatchTST,2,1.9463,6.4561,96,96,100,19.8,1.8
Natural_Gas,PatchTST,3,2.0775,7.3103,96,96,100,19.8,1.9
Natural_Gas,TimeLLM,1,1.1506,2.1422,96,24,100,1125.9,45.1
Natural_Gas,TimeLLM,2,1.0872,1.9768,96,24,100,1126.6,44.9
Natural_Gas,TimeLLM,3,1.1504,2.1994,96,24,100,1128.3,45.7
Natural_Gas,TimeLLM,1,1.1579,2.2607,96,24,10,1125.9,9.5
Natural_Gas,TimeLLM,2,1.1551,2.1573,96,24,10,1126.6,9.0
Natural_Gas,TimeLLM,3,1.2877,2.6558,96,24,10,1128.3,8.9
Natural_Gas,TimeLLM,1,1.5747,3.956,96,24,0,,
Natural_Gas,TimeLLM,2,1.5797,3.9761,96,24,0,,
Natural_Gas,TimeLLM,3,1.6646,4.341,96,24,0,,
Natural_Gas,TimeLLM,1,1.3322,2.8837,96,48,100,1126.9,65.8
Natural_Gas,TimeLLM,2,1.3821,2.9628,96,48,100,1128.6,65.3
Natural_Gas,TimeLLM,3,1.3187,2.7577,96,48,100,1128.4,65.9
Natural_Gas,TimeLLM,1,1.8319,5.694,96,96,100,1127.3,152.9
Natural_Gas,TimeLLM,2,1.9371,6.6657,96,96,100,1128.8,162.3
Natural_Gas,TimeLLM,3,1.89,6.0763,96,96,100,1129.7,159.4
Natural_Gas,TimeMixer,1,1.0997,2.1361,96,24,100,18.1,4.7
Natural_Gas,TimeMixer,2,1.1354,2.2947,96,24,100,18.1,4.4
Natural_Gas,TimeMixer,3,1.0823,2.0681,96,24,100,18.1,4.4
Natural_Gas,TimeMixer,1,1.3443,2.9325,96,24,10,18.2,0.9
Natural_Gas,TimeMixer,2,1.3595,2.9706,96,24,10,18.2,0.7
Natural_Gas,TimeMixer,3,1.3295,2.8225,96,24,10,18.2,0.7
Natural_Gas,TimeMixer,1,1.4685,3.6492,96,48,100,18.3,4.1
Natural_Gas,TimeMixer,2,1.562,3.9642,96,48,100,18.3,3.9
Natural_Gas,TimeMixer,3,1.4586,3.5517,96,48,100,18.3,4.0
Natural_Gas,TimeMixer,1,2.3245,9.1357,96,96,100,18.3,5.5
Natural_Gas,TimeMixer,2,2.0949,7.5086,96,96,100,18.3,5.4
Natural_Gas,TimeMixer,3,1.977,6.705,96,96,100,18.3,4.5
Natural_Gas,TimesNet,1,1.0489,1.9815,96,24,100,166.6,21.4
Natural_Gas,TimesNet,2,0.98968,1.7498,96,24,100,170.6,29.9
Natural_Gas,TimesNet,3,1.034,1.8031,96,24,100,168.6,20.6
Natural_Gas,TimesNet,1,1.1925,2.4638,96,24,10,165.9,1.8
Natural_Gas,TimesNet,2,1.2272,2.5934,96,24,10,167.3,1.5
Natural_Gas,TimesNet,3,1.2691,2.602,96,24,10,164.1,1.5
Natural_Gas,TimesNet,1,1.5183,3.6173,96,48,100,165.2,36.9
Natural_Gas,TimesNet,2,1.4248,3.4357,96,48,100,168.3,50.2
Natural_Gas,TimesNet,3,1.2929,2.7068,96,48,100,168.2,27.3
Natural_Gas,TimesNet,1,1.904,6.2743,96,96,100,166.5,111.7
Natural_Gas,TimesNet,2,2.039,7.6712,96,96,100,169.0,93.1
Natural_Gas,TimesNet,3,1.9817,6.8241,96,96,100,167.0,87.1
SPX500,CALF,1,0.88663,1.3627,96,24,100,1472.1,10.4
SPX500,CALF,2,0.8157,1.0795,96,24,100,1473.8,12.7
SPX500,CALF,3,0.82811,1.0313,96,24,100,1473.4,13.2
SPX500,CALF,1,1.2638,2.2879,96,24,10,938.4,2.9
SPX500,CALF,2,1.1537,2.406,96,24,10,942.8,3.9
SPX500,CALF,3,1.1571,2.4135,96,24,10,940.8,4.8
SPX500,CALF,1,1.7766,4.1856,96,24,0,,
SPX500,CALF,2,1.7839,4.1913,96,24,0,,
SPX500,CALF,3,1.6479,3.5761,96,24,0,,
SPX500,CALF,1,1.1266,2.1266,96,48,100,949.0,7.8
SPX500,CALF,2,1.0044,1.6922,96,48,100,954.2,6.7
SPX500,CALF,3,1.1089,2.1086,96,48,100,950.8,7.8
SPX500,CALF,1,1.7465,6.1622,96,96,100,970.2,8.8
SPX500,CALF,2,1.7825,6.0317,96,96,100,971.8,9.4
SPX500,CALF,3,1.6701,5.5917,96,96,100,973.2,10.5
SPX500,DLinear,1,0.80957,1.0869,96,24,100,16.4,2.1
SPX500,DLinear,2,0.80892,1.1323,96,24,100,16.4,2.0
SPX500,DLinear,3,0.8094,1.0799,96,24,100,16.4,2.0
SPX500,DLinear,1,1.1498,2.0963,96,24,10,16.5,0.5
SPX500,DLinear,2,1.1544,2.1046,96,24,10,16.5,0.4
SPX500,DLinear,3,1.1307,2.0376,96,24,10,16.5,0.4
SPX500,DLinear,1,1.1643,2.3158,96,48,100,16.6,1.8
SPX500,DLinear,2,1.1424,2.2143,96,48,100,16.6,1.8
SPX500,DLinear,3,1.1429,2.1902,96,48,100,16.6,1.7
SPX500,DLinear,1,2.197,9.8104,96,96,100,16.6,1.7
SPX500,DLinear,2,2.2029,9.8473,96,96,100,16.6,1.4
SPX500,DLinear,3,2.2149,9.8516,96,96,100,16.6,1.4
SPX500,iTransformer,1,0.87119,1.1501,96,24,100,17.5,2.9
SPX500,iTransformer,2,0.89859,1.4565,96,24,100,17.5,2.7
SPX500,iTransformer,3,0.83858,1.1992,96,24,100,17.5,2.7
SPX500,iTransformer,1,1.1589,2.0836,96,24,10,17.6,0.7
SPX500,iTransformer,2,1.2506,2.3332,96,24,10,17.6,0.5
SPX500,iTransformer,3,1.1478,2.1585,96,24,10,17.6,0.5
SPX500,iTransformer,1,1.2886,2.6683,96,48,100,17.6,2.4
SPX500,iTransformer,2,1.2357,2.5014,96,48,100,17.6,2.2
SPX500,iTransformer,3,1.2574,2.6868,96,48,100,17.6,2.2
SPX500,iTransformer,1,1.8054,6.0607,96,96,100,17.6,2.9
SPX500,iTransformer,2,1.9581,7.2642,96,96,100,17.6,2.5
SPX500,iTransformer,3,1.8558,6.2902,96,96,100,17.6,2.5
SPX500,MICN,1,0.76688,1.0079,96,24,100,23.0,2.8
SPX500,MICN,2,0.72527,0.92748,96,24,100,23.0,2.7
SPX500,MICN,3,0.74872,0.96738,96,24,100,23.0,2.7
SPX500,MICN,1,1.1924,2.2842,96,24,10,23.1,0.7
SPX500,MICN,2,1.1389,2.1559,96,24,10,23.1,0.6
SPX500,MICN,3,1.2335,2.5573,96,24,10,23.1,0.6
SPX500,MICN,1,0.98533,1.5568,96,48,100,23.4,2.5
SPX500,MICN,2,1.0069,1.6539,96,48,100,23.4,2.4
SPX500,MICN,3,1.0835,1.8718,96,48,100,23.4,2.4
SPX500,MICN,1,1.8377,6.3757,96,96,100,23.8,3.1
SPX500,MICN,2,1.6127,5.3546,96,96,100,23.8,1.8
SPX500,MICN,3,1.6839,5.7177,96,96,100,23.8,1.8
SPX500,OFA,1,0.68266,0.7877,96,24,100,349.0,5.9
SPX500,OFA,2,0.71322,0.87481,96,24,100,349.6,5.6
SPX500,OFA,3,0.63098,0.71285,96,24,100,349.0,6.3
SPX500,OFA,1,1.4379,3.1476,96,24,10,349.6,1.8
SPX500,OFA,2,1.5284,3.6758,96,24,10,350.5,2.6
SPX500,OFA,3,1.2441,2.3953,96,24,10,349.6,2.2
SPX500,OFA,1,1.7845,3.973,96,24,0,,
SPX500,OFA,2,1.7633,3.9131,96,24,0,,
SPX500,OFA,3,1.7373,3.7827,96,24,0,,
SPX500,OFA,1,0.98361,1.7786,96,48,100,353.5,6.3
SPX500,OFA,2,0.95358,1.7361,96,48,100,355.2,5.8
SPX500,OFA,3,0.87959,1.3751,96,48,100,354.4,5.8
SPX500,OFA,1,1.4777,4.3973,96,96,100,359.0,5.7
SPX500,OFA,2,1.3706,3.8274,96,96,100,360.4,8.3
SPX500,OFA,3,1.431,4.1045,96,96,100,359.5,9.7
SPX500,PatchTST,1,0.78675,0.95615,96,24,100,18.9,4.7
SPX500,PatchTST,2,0.81527,1.0551,96,24,100,18.9,2.7
SPX500,PatchTST,3,0.7618,0.95422,96,24,100,18.9,2.7
SPX500,PatchTST,1,1.2007,2.2513,96,24,10,19.0,0.8
SPX500,PatchTST,2,1.0921,1.8935,96,24,10,19.0,0.5
SPX500,PatchTST,3,1.115,1.94,96,24,10,19.0,0.5
SPX500,PatchTST,1,1.0684,2.1103,96,48,100,19.3,2.5
SPX500,PatchTST,2,1.0705,2.1509,96,48,100,19.3,2.3
SPX500,PatchTST,3,1.0885,1.8994,96,48,100,19.3,2.3
SPX500,PatchTST,1,1.6078,5.295,96,96,100,19.7,2.9
SPX500,PatchTST,2,1.6832,5.7458,96,96,100,19.7,2.5
SPX500,PatchTST,3,1.6568,4.8874,96,96,100,19.7,2.5
SPX500,TimeLLM,1,0.84747,1.307,96,24,100,1126.0,37.9
SPX500,TimeLLM,2,0.74775,0.88592,96,24,100,1127.9,37.6
SPX500,TimeLLM,3,0.83055,1.0938,96,24,100,1126.5,36.9
SPX500,TimeLLM,1,0.99304,1.4908,96,24,10,1126.1,7.6
SPX500,TimeLLM,2,1.1468,1.9953,96,24,10,1127.1,7.7
SPX500,TimeLLM,3,1.2692,2.3435,96,24,10,1126.1,8.4
SPX500,TimeLLM,1,2.0317,5.4841,96,24,0,,
SPX500,TimeLLM,2,2.0033,5.4153,96,24,0,,
SPX500,TimeLLM,3,1.6974,4.2315,96,24,0,,
SPX500,TimeLLM,1,1.1698,2.3698,96,48,100,1126.4,54.5
SPX500,TimeLLM,2,1.0145,1.6824,96,48,100,1128.5,53.8
SPX500,TimeLLM,3,1.149,2.2413,96,48,100,1126.5,53.6
SPX500,TimeLLM,1,1.641,5.2478,96,96,100,1127.6,118.9
SPX500,TimeLLM,2,1.6975,5.4648,96,96,100,1129.6,126.2
SPX500,TimeLLM,3,1.6804,5.0466,96,96,100,1127.7,128.9
SPX500,TimeMixer,1,0.76538,1.0293,96,24,100,18.1,4.4
SPX500,TimeMixer,2,0.7495,0.99958,96,24,100,18.1,4.2
SPX500,TimeMixer,3,0.74785,0.96946,96,24,100,18.1,4.2
SPX500,TimeMixer,1,1.2218,2.4381,96,24,10,18.2,0.9
SPX500,TimeMixer,2,1.3604,2.7832,96,24,10,18.2,0.8
SPX500,TimeMixer,3,1.1652,2.2453,96,24,10,18.2,0.8
SPX500,TimeMixer,1,0.89939,1.4624,96,48,100,18.3,4.1
SPX500,TimeMixer,2,0.98046,1.6585,96,48,100,18.3,3.9
SPX500,TimeMixer,3,0.9177,1.4073,96,48,100,18.3,3.9
SPX500,TimeMixer,1,1.6249,5.0666,96,96,100,18.3,5.6
SPX500,TimeMixer,2,1.8699,6.5231,96,96,100,18.3,5.6
SPX500,TimeMixer,3,1.6475,5.5768,96,96,100,18.3,5.1
SPX500,TimesNet,1,0.82653,1.0657,96,24,100,167.6,20.2
SPX500,TimesNet,2,0.86338,1.1948,96,24,100,170.9,20.8
SPX500,TimesNet,3,0.82936,1.2822,96,24,100,170.8,17.4
SPX500,TimesNet,1,1.131,2.1637,96,24,10,168.2,2.8
SPX500,TimesNet,2,1.1502,2.2692,96,24,10,169.6,2.5
SPX500,TimesNet,3,1.2487,2.8562,96,24,10,170.7,2.6
SPX500,TimesNet,1,1.1719,2.5466,96,48,100,166.9,31.6
SPX500,TimesNet,2,1.124,2.187,96,48,100,169.9,29.0
SPX500,TimesNet,3,1.0911,2.1722,96,48,100,168.0,24.0
SPX500,TimesNet,1,1.7393,5.7597,96,96,100,164.6,99.5
SPX500,TimesNet,2,1.8439,7.0805,96,96,100,167.6,90.0
SPX500,TimesNet,3,1.7507,5.6808,96,96,100,165.6,82.7
